{
    "system":{
	"file_list":"list.dat",
	"output":"./",
	"analysis_home":"/volatile/clas12/dmriser/analysis/asymmetry",
	"config_name":"k_inclusive",
	"n_files":600,
	"write_tree":0,
	"parameter_file":"/u/home/dmriser/Analysis_v2/lists/data_tofmass.pars"
    },

    "fitter":{
        "options":"ER",
        "n_parameters":1,
        "function":"[0]*sin((3.14159/180.0)*x)"
    },

    "cuts":{
	"meson_id":{
	    "value":321
	},
	"missing_mass":{
	    "min":1.60,
	    "max":9.99
	},
	"q2":{
	    "min":1.00,
	    "max":9.99
	},
	"w":{
	    "min":2.00,
	    "max":9.99
	},
        "meson_p":{
            "min":0.35,
            "max":5.70
        },
	"require_proton":{
	    "value":0
	}
    }, 

    "bins":{
	"q2":[1.0, 2.0, 3.0, 4.0],
	"phi":[-180,-160,-140,-120,-100,-80,-60,-40,-20,0,
	      20,40,60,80,100,120,140,160,180],
	"pt": [
            0.100000001490116,
            0.173205077648163,
            0.264575123786926,
            0.331662476062775,
            0.387298345565796,
            0.458257555961609,
            0.538516461849213,
            0.781024992465973
        ],
        "x": [
            0.115000002086163,
            0.135000005364418,
            0.155000001192093,
            0.174999997019768,
            0.194999992847443,
            0.215000003576279,
            0.245000004768372,
            0.425000011920929
        ],
        "z": [
            0.165000006556511,
            0.234999999403954,
            0.284999996423721,
            0.324999988079071,
            0.365000009536743,
            0.405000001192093,
            0.455000013113022,
            0.665000021457672
        ]
    }
}
