{
    "system":{
	"file_list":"list.dat",
	"output":"./",
	"analysis_home":"/volatile/clas12/dmriser/analysis/asymmetry",
	"config_name":"k_lambda_1520",
	"n_files":600,
	"write_tree":0,
	"parameter_file":"/u/home/dmriser/Analysis_v2/lists/data_tofmass.pars"
    },

    "fitter":{
        "options":"ER",
        "n_parameters":1,
        "function":"[0]*sin((3.14159/180.0)*x)"
    },

    "cuts":{
	"meson_id":{
	    "value":321
	},
	"missing_mass":{
	    "min":1.50,
	    "max":1.55
	},
	"q2":{
	    "min":1.00,
	    "max":9.99
	},
	"w":{
	    "min":2.00,
	    "max":9.99
	},
        "meson_p":{
            "min":0.35,
            "max":5.70
        },
	"require_proton":{
	    "value":1
	},
	"require_pi_minus":{
	    "value":0
	},
	"require_pi_plus":{
	    "value":0
	}
    }, 

    "bins":{
	"q2":[1.0, 2.0, 3.0, 4.0],
	"phi":[-180,-160,-140,-120,-100,-80,-60,-40,-20,0,
	      20,40,60,80,100,120,140,160,180],
	"pt": [
            0.100000001490116,
            0.331662476062775,
            0.888819456100464
        ],
        "x": [
            0.125,
            0.254999995231628,
            0.524999976158142
        ],
        "z": [
            0.234999999403954,
            0.474999994039536,
            0.754999995231628
        ]
    }
}
