{
    "bins": {
        "pt": [
            0.100000001490116,
            0.173205077648163,
            0.264575123786926,
            0.331662476062775,
            0.387298345565796,
            0.458257555961609,
            0.538516461849213,
            0.781024992465973
        ],
        "x": [
            0.115000002086163,
            0.135000005364418,
            0.155000001192093,
            0.174999997019768,
            0.194999992847443,
            0.215000003576279,
            0.245000004768372,
            0.425000011920929
        ],
        "z": [
            0.165000006556511,
            0.234999999403954,
            0.284999996423721,
            0.324999988079071,
            0.365000009536743,
            0.405000001192093,
            0.455000013113022,
            0.665000021457672
        ]
    }
}
