{
    "bins": {
        "pt": [
            0.100000001490116,
            0.5,
            1.00498759746552
        ],
        "x": [
            0.135000005364418,
            0.275000005960464,
            0.535000026226044
        ],
        "z": [
            0.375,
            0.745000004768372,
            0.915000021457672
        ]
    }
}
