{
    "bins": {
        "pt": [
            0.100000001490116,
            0.331662476062775,
            0.888819456100464
        ],
        "x": [
            0.125,
            0.254999995231628,
            0.524999976158142
        ],
        "z": [
            0.234999999403954,
            0.474999994039536,
            0.754999995231628
        ]
    }
}
