{
    "bins": {
        "pt": [
            0.100000001490116,
            0.5,
            0.994987428188324
        ],
        "x": [
            0.125,
            0.264999985694885,
            0.535000026226044
        ],
        "z": [
            0.314999997615814,
            0.685000002384186,
            0.894999980926514
        ]
    }
}
