{
    "bins": {
        "pt": [
            0.100000001490116,
            0.100000001490116,
            0.173205077648163,
            0.223606795072556,
            0.264575123786926,
            0.300000011920929,
            0.331662476062775,
            0.360555112361908,
            0.387298345565796,
            0.435889899730682,
            0.479583144187927,
            0.538516461849213,
            0.60827624797821,
            0.741619884967804
        ],
        "x": [
            0.115000002086163,
            0.125,
            0.144999995827675,
            0.155000001192093,
            0.165000006556511,
            0.174999997019768,
            0.185000002384186,
            0.194999992847443,
            0.204999998211861,
            0.224999994039536,
            0.245000004768372,
            0.264999985694885,
            0.284999996423721,
            0.305000007152557,
            0.324999988079071,
            0.354999989271164,
            0.504999995231628
        ],
        "z": [
            0.115000002086163,
            0.135000005364418,
            0.155000001192093,
            0.174999997019768,
            0.194999992847443,
            0.215000003576279,
            0.234999999403954,
            0.254999995231628,
            0.275000005960464,
            0.294999986886978,
            0.324999988079071,
            0.354999989271164,
            0.384999990463257,
            0.425000011920929,
            0.474999994039536,
            0.545000016689301,
            0.764999985694885
        ]
    }
}
