{
    "bins": {
        "pt": [
            0.100000001490116,
            0.300000011920929,
            0.479583144187927,
            0.640312433242798,
            1.06301462650299
        ],
        "x": [
            0.144999995827675,
            0.234999999403954,
            0.284999996423721,
            0.324999988079071,
            0.545000016689301
        ],
        "z": [
            0.495000004768372
        ]
    }
}
